year,region,risk_supply,regional_share
2025,Australia,255700.0,0.5689302242791029
2025,South America,188640.0,0.41972232111071556
2025,North America,5100.0,0.01134745461018156
2026,Australia,267700.0,0.5642298904841796
2026,South America,201162.0,0.42398809573992735
2026,North America,5590.0,0.01178201377589303
2027,Australia,279900.0,0.5644044111864591
2027,South America,209931.0,0.42331540709104876
2027,North America,6090.0,0.01228018172249209
